<?xml version="1.0" encoding="UTF-8"?>
<repomd xmlns="http://linux.duke.edu/metadata/repo" xmlns:rpm="http://linux.duke.edu/metadata/rpm">
  <revision>1718541375</revision>
  <data type="primary">
    <checksum type="sha256">281a93b0eaa641821b7d8109d438e4015fb7bdb3081bca7c77786441262b4009</checksum>
    <open-checksum type="sha256">21a955a505ee56c9c77471432db31bdf9f39a7d0edfb070b3f768805d2887de1</open-checksum>
    <location href="repodata/281a93b0eaa641821b7d8109d438e4015fb7bdb3081bca7c77786441262b4009-primary.xml.gz"/>
    <timestamp>1718541375</timestamp>
    <size>858</size>
    <open-size>2841</open-size>
  </data>
  <data type="filelists">
    <checksum type="sha256">2a3587542703a38701450fe2c12d241f9cb5167d8fdfa49c303e2ff08f46d0a8</checksum>
    <open-checksum type="sha256">3cc570f46120345d54859da31b3537d500b1800cbfaa53723cd089f06e19b52f</open-checksum>
    <location href="repodata/2a3587542703a38701450fe2c12d241f9cb5167d8fdfa49c303e2ff08f46d0a8-filelists.xml.gz"/>
    <timestamp>1718541375</timestamp>
    <size>982</size>
    <open-size>5355</open-size>
  </data>
  <data type="other">
    <checksum type="sha256">beebc8b2a753463744cb1fb04ab632f8a41546e7bafab697af0e810bca27f226</checksum>
    <open-checksum type="sha256">de6d31ca38e6834301a392868a2158a9df53a6043e8c86ac3376c9a6e036acc3</open-checksum>
    <location href="repodata/beebc8b2a753463744cb1fb04ab632f8a41546e7bafab697af0e810bca27f226-other.xml.gz"/>
    <timestamp>1718541375</timestamp>
    <size>294</size>
    <open-size>485</open-size>
  </data>
  <data type="primary_db">
    <checksum type="sha256">b315a33a67e5316aba1906508441e2cae378e9d8c773881a78e00f149d7d4806</checksum>
    <open-checksum type="sha256">dfe1ae3998a3f0a2699ae3b1f73772bd7957029ead78a6c49676f3870b50b646</open-checksum>
    <location href="repodata/b315a33a67e5316aba1906508441e2cae378e9d8c773881a78e00f149d7d4806-primary.sqlite.bz2"/>
    <timestamp>1718541375</timestamp>
    <size>2258</size>
    <open-size>106496</open-size>
    <database_version>10</database_version>
  </data>
  <data type="filelists_db">
    <checksum type="sha256">a3264dd3f80abe811131c092c3d644bbd1e3c03d0f234ca10618bf6f0bb52a30</checksum>
    <open-checksum type="sha256">81822b59fba3d911125e701d8e5113dcae5d66fd01e96fb8c53a9fb0da5cec06</open-checksum>
    <location href="repodata/a3264dd3f80abe811131c092c3d644bbd1e3c03d0f234ca10618bf6f0bb52a30-filelists.sqlite.bz2"/>
    <timestamp>1718541375</timestamp>
    <size>1809</size>
    <open-size>28672</open-size>
    <database_version>10</database_version>
  </data>
  <data type="other_db">
    <checksum type="sha256">761f152a1db74e1b300f81fcc851693055765a4d35ccedeb9b9366022528a928</checksum>
    <open-checksum type="sha256">294d15735c0c248d79e1c183b569b9a0195ac1cc0d5784083cd5f4675af2cd57</open-checksum>
    <location href="repodata/761f152a1db74e1b300f81fcc851693055765a4d35ccedeb9b9366022528a928-other.sqlite.bz2"/>
    <timestamp>1718541375</timestamp>
    <size>738</size>
    <open-size>24576</open-size>
    <database_version>10</database_version>
  </data>
</repomd>
